first,last,dob,phone,email,verified
Erich,Fuller,2017-02-14,477-493-6276,ornare.facilisis.eget@quam.co.uk,0
Ahmed,Macias,2002-12-27,241-876-3300,ante.iaculis@placeratCrasdictum.ca,1
Arsenio,Justice,2003-12-11,495-120-8403,pretium.neque.Morbi@massa.ca,1
Bruno,Morgan,2006-10-05,484-393-1106,Vivamus.nisi@egestas.ca,0
Cedric,Ford,2006-09-22,275-342-1158,Nulla.aliquet.Proin@arcuMorbi.net,1
Baxter,Barber,2015-12-17,517-413-9245,ipsum.porta.elit@enimnonnisi.co.uk,1
Gemma,Hoffman,2004-09-01,658-962-0789,tempus.scelerisque.lorem@orci.org,1
Latifah,Castillo,2009-04-17,933-981-8242,Maecenas@et.org,0
Amal,Pickett,2013-09-10,426-196-8923,mollis.Integer.tincidunt@semperrutrumFusce.org,0
Olympia,Sherman,2013-02-08,874-492-1651,dignissim.tempor@nascetur.com,0
Melyssa,Villarreal,2005-04-16,203-696-7640,magna@cursuspurus.org,0
Jason,Davenport,2004-03-11,481-765-4371,in@sitametultricies.net,1
Dale,Wooten,2012-01-16,309-122-1827,ullamcorper.viverra.Maecenas@egestasligula.org,1
Timon,Raymond,2004-05-05,991-491-3618,pellentesque@inconsectetuer.co.uk,1
Sylvia,Mcneil,2018-08-06,629-628-1635,luctus.sit.amet@faucibusorci.net,0
Wayne,Marshall,2013-03-13,438-341-7773,lectus@iaculis.org,0
Jaime,Barrera,2002-09-26,234-590-3651,est.mauris@ligula.co.uk,0
Eaton,Woods,2011-09-03,158-815-1703,orci.Phasellus@ullamcorperDuisat.net,1
Galvin,Lambert,2005-03-20,645-724-5359,iaculis@imperdiet.com,1
Freya,Cantu,2005-08-13,840-140-2415,In@afelisullamcorper.net,1
Jocelyn,Donaldson,2009-03-23,306-597-6610,turpis@lacus.co.uk,1
Violet,Shelton,2009-11-24,133-861-9685,vel.pede.blandit@commodohendrerit.net,0
Adrienne,Singleton,2008-07-13,157-704-8544,Pellentesque.ultricies@dictumplacerataugue.net,1
Ivan,Cobb,2004-04-05,882-140-7916,ullamcorper.magna@Nuncut.edu,1
Tyler,Miles,2007-05-28,281-448-9089,Pellentesque@auctorvitaealiquet.edu,1
Xanthus,Williamson,2003-07-16,472-718-1105,ante.Nunc.mauris@lectuspede.net,1
Tanya,Pittman,2010-04-16,325-687-7473,diam.dictum@Curabituregestasnunc.co.uk,0
Althea,Ferguson,2016-12-17,953-247-1034,Sed.dictum.Proin@venenatisvel.edu,1
Heather,Benjamin,1999-12-23,623-224-2587,nunc.sed.libero@Inlorem.edu,1
Cynthia,Carson,2004-07-20,375-528-8029,lectus.rutrum.urna@molestie.net,1
Fritz,Collier,2010-04-12,843-431-9870,ornare.egestas.ligula@lacus.co.uk,1
Whitney,Ellison,2016-09-08,236-157-2404,Aliquam.rutrum.lorem@vulputatelacus.com,0
Lamar,Reyes,2002-03-29,699-384-3609,urna.nec.luctus@dictumeu.net,1
Keegan,Richards,2005-05-19,175-515-1081,in.felis@sedtortor.co.uk,0
Mohammad,Whitaker,2016-08-06,299-990-0147,gravida.sit.amet@lorem.net,0
Belle,Dean,2015-06-03,745-491-5700,vel.venenatis.vel@justoProin.ca,0
Jenna,Fox,2016-03-23,741-203-8693,molestie.sodales@duiFuscediam.com,0
Galena,Christian,2007-11-26,973-205-6500,nisl.Quisque@Pellentesque.org,1
Finn,Ellis,2002-05-30,652-685-8816,sagittis@dolor.net,1
Yoshi,Zamora,2014-03-08,407-171-9919,gravida.sagittis@magnaPhasellus.net,0
Burton,Clements,2011-04-15,415-204-3134,dignissim.lacus@neque.edu,0
Diana,Macias,2005-01-24,411-820-8389,dis.parturient@lectuspede.edu,0
Sydney,Reynolds,2007-07-17,554-134-4781,tellus@rhoncusid.com,0
Maya,Compton,2013-04-24,484-353-0130,pede@senectus.com,0
Katell,Richardson,2003-01-10,275-905-4979,nisi@etmagnis.net,1
Adena,House,2013-10-05,513-545-4952,senectus.et@SedmolestieSed.org,0
Phyllis,Garrett,2011-09-13,312-331-5780,eu@elit.co.uk,1
Hayes,Mason,2004-12-14,809-813-1904,augue.ut@Donecconsectetuermauris.org,0
Barry,Acevedo,2010-01-14,143-914-0741,magnis@nunc.com,1
Barry,Swanson,2018-01-31,985-367-9834,facilisis@parturient.ca,1
Anika,Clarke,2005-12-10,738-581-2865,In.lorem@Pellentesque.com,0
Rigel,Wilson,2009-10-02,180-652-1135,id.mollis.nec@ridiculusmus.com,1
Carly,Kane,2019-01-06,448-504-6700,dolor.Quisque@temporarcu.ca,1
Patrick,Oneal,2010-10-02,990-995-9657,pretium.aliquet@vestibulumMauris.org,1
Tana,Phelps,2017-04-16,488-353-7013,Cras.dictum@sitametdiam.com,0
Roary,Sparks,1999-09-14,113-646-4894,arcu@Mauris.ca,0
Willa,Clarke,2013-12-11,447-846-0866,lacus@semegestas.com,0
Lisandra,Wong,1998-09-03,780-257-5696,neque@quam.org,1
Kyle,Alvarado,2002-03-16,115-635-3693,Curae.Phasellus.ornare@turpisnon.net,1
Kenneth,Richmond,2013-07-07,723-329-5099,egestas@erat.com,0
Knox,Cannon,1999-02-04,176-945-6563,vitae@Namporttitorscelerisque.ca,0
Beck,Cunningham,2008-10-08,971-926-4615,sit.amet@Phasellus.org,1
Aristotle,Morris,2011-09-04,836-514-7270,in.consectetuer.ipsum@id.org,0
Kellie,Luna,2016-06-01,543-880-1274,Quisque.purus.sapien@Aenean.com,1
Aubrey,Andrews,2007-08-17,399-216-5783,arcu.Morbi@laoreetipsumCurabitur.com,1
Rina,Schwartz,2002-01-10,887-489-1673,Aenean.egestas.hendrerit@mollislectuspede.co.uk,1
Zephania,Knapp,1999-01-16,871-232-1644,cubilia@fringillaornareplacerat.ca,0
Guy,Conley,2013-10-11,604-233-8643,malesuada.fames@volutpat.com,1
Berk,Guerra,2006-04-10,702-673-7314,eget.ipsum@mollis.ca,1
Hope,Gentry,2002-06-07,858-392-6834,arcu.Morbi.sit@egestashendreritneque.com,1
Dustin,Jefferson,1998-11-19,220-186-9770,lectus.ante.dictum@inceptos.co.uk,0
Sebastian,Nielsen,2017-07-11,574-760-0793,sapien.molestie@consequatdolor.net,1
Anastasia,Hansen,2017-01-16,238-958-0769,tellus@dictumeu.co.uk,1
Logan,Nicholson,2008-07-18,251-717-7827,ipsum.dolor@egestashendreritneque.net,1
Teagan,Murphy,2005-03-29,765-644-6564,Aenean.eget@ultricesposuerecubilia.ca,0
Erich,Burke,2010-02-17,890-661-4196,lorem.ipsum@maurisanunc.net,1
Holmes,Gilliam,2018-05-21,281-339-7091,arcu.Vestibulum.ut@CurabiturmassaVestibulum.net,1
Dieter,Bryan,2009-08-28,619-237-4084,aliquet.diam@Pellentesque.edu,1
Natalie,Mcguire,2001-05-16,854-282-0304,nunc.ac@Aeneansedpede.ca,1
Fiona,Schmidt,2002-10-09,703-816-2911,nunc@sagittissemper.co.uk,1
Cally,Navarro,2002-05-12,311-668-5146,nisi.sem@a.com,0
Travis,Rowe,2011-05-07,533-241-2650,tincidunt.nibh@id.edu,1
Mariam,Bonner,2010-05-04,269-198-9274,blandit.congue@aliquetnec.ca,0
Pascale,Wilkerson,2017-04-13,610-393-0285,Nunc@euturpis.org,1
Grant,Rowe,2017-03-14,761-668-5771,commodo@sit.edu,1
Tanya,Ellison,2002-09-29,631-743-3005,Nam.tempor@ornaretortor.org,1
Leslie,Franco,2001-11-20,170-523-6732,nisi.Mauris.nulla@idante.net,0
Candace,Weaver,2016-12-29,818-264-9163,Proin.dolor@Fuscediam.ca,1
Rhoda,Washington,2003-12-08,971-922-3325,elit@nequeIn.ca,0
Dahlia,Camacho,2016-05-10,887-697-4575,Etiam.ligula.tortor@pharetranibh.org,1
Yoko,Dorsey,2018-05-13,272-895-0221,suscipit.est@maurisa.edu,0
Kenyon,Mcintyre,2012-12-15,848-692-1162,mollis.dui.in@egetvenenatis.com,1
Leigh,Leonard,2017-04-13,651-866-8380,metus.Aenean@placerataugue.com,1
Zoe,Bird,2011-05-25,735-617-8672,lectus.a@augue.co.uk,0
Marvin,Tyson,1999-07-15,731-714-5978,fringilla.porttitor@lacusMauris.co.uk,0
Daphne,Bentley,2011-04-29,795-330-1277,ipsum.Donec@Suspendisseseddolor.ca,0
Magee,Ortiz,2016-11-04,160-864-3618,malesuada.malesuada.Integer@ante.co.uk,1
Basil,Mays,2001-07-26,877-215-4407,elit.elit.fermentum@tinciduntnibhPhasellus.net,1
Karina,Byrd,2003-12-23,626-537-4656,amet.lorem@dapibus.ca,0
Audra,Dale,2006-01-03,487-671-0032,a@Donec.net,0